{
  "2015:CUFP" : [ 49.2827291, -123.1207375 ],
  "2018:SCALA MATSURI" : [ 35.6894875, 139.6917064 ],
  "2014:PHILLYETE" : [ 39.9525839, -75.1652215 ],
  "2017:FUNCTIONAL CONF" : [ 12.9715987, 77.5945627 ],
  "2016:LAMBDA WORLD 2016" : [ 36.5270612, -6.2885962 ],
  "2018:SCALA DAYS (NORTH AMERICA)" : [ 40.7127753, -74.0059728 ],
  "2018:JVMCON" : [ 52.0401675, 5.6648594 ],
  "2016:TYPELEVEL SUMMIT EUROPE" : [ 59.9138688, 10.7522454 ],
  "2015:LAMBDA DAYS 2015" : [ 50.0646501, 19.9449799 ],
  "2013:SVSS" : [ 37.7749295, -122.4194155 ],
  "2017:LAMBDACONF WINTER RETREAT" : [ 38.8697146, -106.9878231 ],
  "2016:TYPELEVEL SUMMIT US" : [ 39.9525839, -75.1652215 ],
  "2016:SCALA DAYS NYC" : [ 40.7127753, -74.0059728 ],
  "2017:F(BY) 2017" : [ 53.9045398, 27.5615244 ],
  "2016:SCALA WORLD" : [ 54.4608702, -3.0886254 ],
  "2017:REACTIVE SUMMIT" : [ 30.267153, -97.7430608 ],
  "2017:TYPELEVEL SUMMIT NYC" : [ 40.7127753, -74.0059728 ],
  "2014:ÜBERCONF" : [ 39.7392358, -104.990251 ],
  "2014:SCALA EXCHANGE 14" : [ 51.5073509, -0.1277583 ],
  "2016:SCALA BY THE BAY" : [ 37.7749295, -122.4194155 ],
  "2014:FLATMAP OSLO" : [ 59.9138688, 10.7522454 ],
  "2016:SCALAWAVE" : [ 54.3520252, 18.6466384 ],
  "2016:LAMBDACONF 2016" : [ 40.0149856, -105.2705456 ],
  "2017:SCALASPHERE" : [ 50.0646501, 19.9449799 ],
  "2017:SCALAUA" : [ 50.4501, 30.5234 ],
  "2017:LAMBDA DAYS 2017" : [ 50.0646501, 19.9449799 ],
  "2014:DATA DAY TEXAS" : [ 30.267153, -97.7430608 ],
  "2015:SCALA BY THE BAY" : [ 37.7749295, -122.4194155 ],
  "2017:SCALAR" : [ 52.2296756, 21.0122287 ],
  "2017:SCALA DAYS CHICAGO" : [ 41.8781136, -87.6297982 ],
  "2014:NORTHEAST SCALA SYMPOSIUM" : [ 40.7127753, -74.0059728 ],
  "2018:SCALAR" : [ 52.2296756, 21.0122287 ],
  "2015:SCALAR" : [ 52.2296756, 21.0122287 ],
  "2017:NORTHEAST SCALA SYMPOSIUM" : [ 40.7127753, -74.0059728 ],
  "2017:SCALA WORLD" : [ 54.4608702, -3.0886254 ],
  "2017:KATS CONF 2" : [ 53.3498053, -6.2603097 ],
  "2016:SCALAUA" : [ 50.4501, 30.5234 ],
  "2013:PNWSCALA" : [ 45.5230622, -122.6764815 ],
  "2018:SCALA SWARM" : [ 41.1579438, -8.6291053 ],
  "2017:TYPELEVEL SUMMIT COPENHAGEN" : [ 55.6760968, 12.5683372 ],
  "2016:CURRY ON" : [ 41.9027835, 12.4963655 ],
  "2015:NORTHEAST SCALA SYMPOSIUM" : [ 42.3600825, -71.0588801 ],
  "2013:CUFP" : [ 42.3600825, -71.0588801 ],
  "2017:SCALA BY THE SCHUYLKILL" : [ 39.9525839, -75.1652215 ],
  "2015:SCALADAYS SF" : [ 37.7749295, -122.4194155 ],
  "2018:SCALA DAYS (EUROPE)" : [ 52.5200066, 13.404954 ],
  "2015:ICFP" : [ 49.2827291, -123.1207375 ],
  "2015:LAMBDACONF 2015" : [ 40.0149856, -105.2705456 ],
  "2016:SCALA ITALY" : [ 45.4408474, 12.3155151 ],
  "2016:SCALA DOWNUNDER 2016" : [ -36.8484597, 174.7633315 ],
  "2016:REACTIVE SUMMIT" : [ 30.267153, -97.7430608 ],
  "2016:SCALASPHERE" : [ 50.0646501, 19.9449799 ],
  "2017:FLATMAP(OSLO)" : [ 59.9138688, 10.7522454 ],
  "2013:LAMBDA JAM" : [ 51.2194475, 4.4024643 ],
  "2015:SCALA EXCHANGE" : [ 51.5073509, -0.1277583 ],
  "2016:SCALAR" : [ 52.2296756, 21.0122287 ],
  "2017:SCALAWAVE" : [ 54.3520252, 18.6466384 ],
  "2016:BEESCALA" : [ 46.0569465, 14.5057515 ],
  "2014:SCALA SUMMIT" : [ 38.8697146, -106.9878231 ],
  "2017:SCALA ITALY" : [ 41.9027835, 12.4963655 ],
  "2017:SCALA SWARM" : [ 41.1579438, -8.6291053 ],
  "2014:SCALAPEñO 2014" : [ 32.0852999, 34.7817676 ],
  "2014:SCALA MATSURI 2014" : [ 35.6894875, 139.6917064 ],
  "2018:LAMBDACONF 2018" : [ 40.0149856, -105.2705456 ],
  "2015:APPLY(SCALA)" : [ 52.3702157, 4.8951679 ],
  "2016:SCALA.IO 2016" : [ 45.764043, 4.835659 ],
  "2015:CURRY ON" : [ 50.0755381, 14.4378005 ],
  "2014:SCALA DOWNUNDER 2014" : [ -36.8484597, 174.7633315 ],
  "2013:SCALA IO" : [ 48.856614, 2.3522219 ],
  "2018:BEESCALA 2018" : [ 46.0569465, 14.5057515 ],
  "2016:SCALA DAYS BERLIN" : [ 52.5200066, 13.404954 ],
  "2014:SCALAR" : [ 52.2296756, 21.0122287 ],
  "2017:SCALA.IO 2017" : [ 45.764043, 4.835659 ],
  "2016:FLATMAP(OSLO)" : [ 59.9138688, 10.7522454 ],
  "2016:PHILLY ETE" : [ 39.9525839, -75.1652215 ],
  "2015:LAMBDA WORLD" : [ 36.5270612, -6.2885962 ],
  "2014:LAMBDA DAYS" : [ 50.0646501, 19.9449799 ],
  "2016:NORTHEAST SCALA SYMPOSIUM" : [ 39.9525839, -75.1652215 ],
  "2017:SCALA MATSURI" : [ 35.6894875, 139.6917064 ],
  "2017:BEESCALA 2017" : [ 46.0569465, 14.5057515 ],
  "2018:FLATMAP(OSLO)" : [ 59.9138688, 10.7522454 ],
  "2013:SPLASH" : [ 39.768403, -86.158068 ],
  "2017:SCALE BY THE BAY" : [ 37.7749295, -122.4194155 ],
  "2015:FLATMAP OSLO" : [ 59.9138688, 10.7522454 ],
  "2015:SCALA WORLD" : [ 54.4608702, -3.0886254 ],
  "2018:SCALAUA" : [ 50.4501, 30.5234 ],
  "2018:SCALASPHERE" : [ 50.0646501, 19.9449799 ],
  "2014:FP EXCHANGE" : [ 51.5073509, -0.1277583 ],
  "2016:LX SCALA" : [ 38.7222524, -9.1393366 ],
  "2015:JVM LANGUAGE SUMMIT" : [ 37.3541079, -121.9552356 ],
  "2014:SCALA IO" : [ 48.856614, 2.3522219 ],
  "2017:SCALA UP NORTH" : [ 49.2827291, -123.1207375 ],
  "2016:F(BY) 2016" : [ 53.9045398, 27.5615244 ],
  "2016:SCALA2016" : [ 52.3702157, 4.8951679 ],
  "2017:SCALA SYMPOSIUM 2017" : [ 49.2827291, -123.1207375 ],
  "2016:SCALAPOLIS" : [ 51.1078852, 17.0385376 ],
  "2014:REACT 2014" : [ 51.5073509, -0.1277583 ],
  "2017:SCALA EXCHANGE 2017" : [ 51.5073509, -0.1277583 ],
  "2015:SCALA UP NORTH" : [ 43.653226, -79.3831843 ],
  "2017:SCALA DAYS COPENHAGEN" : [ 55.6760968, 12.5683372 ],
  "2013:SCALA EXCHANGE" : [ 51.5073509, -0.1277583 ],
  "2015:SCALADAYS AMS" : [ 52.3702157, 4.8951679 ],
  "2016:SCALA EXCHANGE 2016" : [ 51.5073509, -0.1277583 ],
  "2013:CODE MESH" : [ 51.5073509, -0.1277583 ],
  "2018:LAMBDACONF WINTER RETREAT" : [ 50.1163196, -122.9573563 ],
  "2016:SCALA MATSURI" : [ 35.6894875, 139.6917064 ],
  "2017:LAMBDACONF 2017" : [ 40.0149856, -105.2705456 ],
  "2015:LAMBDA JAM" : [ 41.8781136, -87.6297982 ],
  "2013:STRANGE LOOP" : [ 38.6270025, -90.1994042 ],
  "2017:LX SCALA" : [ 38.7222524, -9.1393366 ],
  "2013:ICFP" : [ 42.3600825, -71.0588801 ]
}